{"behaviors":{"PlayerBehavior":{"scriptId":"9","line":0,"parentBehavior":null,"properties":[{"name":"shape","type":"number"},{"name":"speed","type":"number"},{"name":"position","type":"Sup.Math.Vector3"},{"name":"angles","type":"Sup.Math.Vector3"},{"name":"direction","type":"Sup.Math.Vector3"},{"name":"lightPosition","type":"Sup.Math.Vector3"}]},"MouseFollowBehavior":{"scriptId":"11","line":0,"parentBehavior":null,"properties":[]},"CameraBehavior":{"scriptId":"15","line":0,"parentBehavior":null,"properties":[{"name":"cameraOffset","type":"Sup.Math.Vector3"},{"name":"playerPosition","type":"Sup.Math.Vector3"}]},"ClickableBehavior":{"scriptId":"19","line":0,"parentBehavior":null,"properties":[]},"TouchableBehavior":{"scriptId":"35","line":0,"parentBehavior":null,"properties":[]},"TextBehavior":{"scriptId":"16","line":0,"parentBehavior":null,"properties":[{"name":"visible","type":"boolean"}]},"SphereSpawnableBehavior":{"scriptId":"24","line":0,"parentBehavior":null,"properties":[{"name":"initialized","type":"number"}]},"CubeSpawnableBehavior":{"scriptId":"24","line":28,"parentBehavior":null,"properties":[{"name":"initialized","type":"number"}]},"ConeSpawnableBehavior":{"scriptId":"24","line":56,"parentBehavior":null,"properties":[{"name":"initialized","type":"number"}]}}}