{
  "formatVersion": 1,
  "nodes": [
    {
      "id": "0",
      "name": "HUD",
      "children": [
        {
          "id": "1",
          "name": "Text",
          "children": [],
          "components": [
            {
              "type": "TextRenderer",
              "config": {
                "formatVersion": 2,
                "fontAssetId": "8",
                "text": "Use WASD/Space to move/jump.\nUse right click to look around.\nClick yourself, objects, and press 1-3 to interact.\nPress R to reset.\nPress H to hide/show help.",
                "alignment": "left",
                "verticalAlignment": "bottom",
                "size": null,
                "color": null,
                "overrideOpacity": false,
                "opacity": null
              },
              "id": "0"
            },
            {
              "type": "Behavior",
              "config": {
                "behaviorName": "TextBehavior",
                "propertyValues": {}
              },
              "id": "1"
            }
          ],
          "position": {
            "x": -6.383906841278076,
            "y": -4.877976894378662,
            "z": -1.413991004228592
          },
          "orientation": {
            "x": 0,
            "y": 0,
            "z": 0,
            "w": 1
          },
          "scale": {
            "x": 0.5,
            "y": 0.5,
            "z": 0.5
          },
          "visible": true,
          "layer": 1,
          "prefab": null
        },
        {
          "id": "2",
          "name": "Camera",
          "children": [],
          "components": [
            {
              "type": "Camera",
              "config": {
                "formatVersion": 1,
                "mode": "orthographic",
                "fov": 45,
                "orthographicScale": 10,
                "viewport": {
                  "x": 0,
                  "y": 0,
                  "width": 1,
                  "height": 1
                },
                "depth": 0,
                "nearClippingPlane": 0.1,
                "farClippingPlane": 1000
              },
              "id": "0"
            }
          ],
          "position": {
            "x": 0,
            "y": 0,
            "z": 0
          },
          "orientation": {
            "x": 0,
            "y": 0,
            "z": 0,
            "w": 1
          },
          "scale": {
            "x": 1,
            "y": 1,
            "z": 1
          },
          "visible": true,
          "layer": 1,
          "prefab": null
        }
      ],
      "components": [],
      "position": {
        "x": 0,
        "y": 0,
        "z": 0.3458855450153351
      },
      "orientation": {
        "x": 0,
        "y": 0,
        "z": 0,
        "w": 1
      },
      "scale": {
        "x": 1,
        "y": 1,
        "z": 1
      },
      "visible": true,
      "layer": 1,
      "prefab": null
    }
  ]
}