{
  "formatVersion": 1,
  "nodes": [
    {
      "id": "20",
      "name": "Root",
      "children": [
        {
          "id": "38",
          "name": "Light",
          "children": [],
          "components": [
            {
              "type": "Light",
              "config": {
                "formatVersion": 2,
                "type": "directional",
                "color": "ffffff",
                "intensity": 1,
                "distance": 0,
                "angle": 60,
                "target": {
                  "x": 0,
                  "y": 0,
                  "z": 0
                },
                "castShadow": true,
                "shadowMapSize": {
                  "width": 2048,
                  "height": 2048
                },
                "shadowBias": -0.002,
                "shadowCameraNearPlane": 0,
                "shadowCameraFarPlane": 100,
                "shadowCameraFov": 50,
                "shadowCameraSize": {
                  "top": -20,
                  "bottom": 20,
                  "left": -20,
                  "right": 20
                }
              },
              "id": "0"
            }
          ],
          "position": {
            "x": -8.310829401016235,
            "y": 19.009058952331543,
            "z": -7.9326629638671875
          },
          "orientation": {
            "x": 0,
            "y": 0,
            "z": 0,
            "w": 1
          },
          "scale": {
            "x": 0.5,
            "y": 0.5,
            "z": 0.5
          },
          "visible": true,
          "layer": 0,
          "prefab": null
        },
        {
          "id": "6",
          "name": "Player",
          "children": [],
          "components": [
            {
              "type": "fMouseInput",
              "config": {
                "cameraActorName": "Camera"
              },
              "id": "1"
            },
            {
              "type": "Behavior",
              "config": {
                "behaviorName": "PlayerBehavior",
                "propertyValues": {}
              },
              "id": "2"
            },
            {
              "type": "CannonBody",
              "config": {
                "formatVersion": 2,
                "mass": 10,
                "fixedRotation": true,
                "group": 1,
                "mask": 1,
                "shape": "sphere",
                "positionOffset": {
                  "x": 0,
                  "y": 0,
                  "z": 0
                },
                "orientationOffset": {
                  "x": 0,
                  "y": 0,
                  "z": 0
                },
                "halfSize": {
                  "x": 0.5,
                  "y": 0.5,
                  "z": 0.5
                },
                "radius": 1,
                "height": 1,
                "segments": 16
              },
              "id": "8"
            },
            {
              "type": "ModelRenderer",
              "config": {
                "formatVersion": 1,
                "modelAssetId": "5",
                "animationId": "",
                "castShadow": true,
                "receiveShadow": false,
                "color": "ffffff",
                "overrideOpacity": false,
                "opacity": null,
                "materialType": "shader",
                "shaderAssetId": "36"
              },
              "id": "9"
            }
          ],
          "position": {
            "x": 0.12428925931453705,
            "y": -2.45002818107605,
            "z": -8.743849754333496
          },
          "orientation": {
            "x": 0,
            "y": 0,
            "z": 0,
            "w": 1
          },
          "scale": {
            "x": 0.5,
            "y": 0.5,
            "z": 0.5
          },
          "visible": true,
          "layer": 0,
          "prefab": null
        },
        {
          "id": "5",
          "name": "Camera",
          "children": [],
          "components": [
            {
              "type": "Camera",
              "config": {
                "formatVersion": 1,
                "mode": "perspective",
                "fov": 45,
                "orthographicScale": 10,
                "viewport": {
                  "x": 0,
                  "y": 0,
                  "width": 1,
                  "height": 1
                },
                "depth": 0,
                "nearClippingPlane": 0.1,
                "farClippingPlane": 90
              },
              "id": "0"
            },
            {
              "type": "Behavior",
              "config": {
                "behaviorName": "CameraBehavior",
                "propertyValues": {}
              },
              "id": "1"
            }
          ],
          "position": {
            "x": 0,
            "y": 4.465080738067627,
            "z": 1.097733497619629
          },
          "orientation": {
            "x": -0.2496594413045313,
            "y": 0,
            "z": 0,
            "w": 0.9683337086257163
          },
          "scale": {
            "x": 1,
            "y": 1,
            "z": 1
          },
          "visible": true,
          "layer": 0,
          "prefab": null
        },
        {
          "id": "7",
          "name": "Borders",
          "children": [
            {
              "id": "11",
              "name": "Floor",
              "children": [
                {
                  "id": "14",
                  "name": "Model",
                  "children": [],
                  "components": [
                    {
                      "type": "ModelRenderer",
                      "config": {
                        "formatVersion": 1,
                        "modelAssetId": "37",
                        "animationId": "",
                        "castShadow": false,
                        "receiveShadow": false,
                        "color": "ffffff",
                        "overrideOpacity": false,
                        "opacity": null,
                        "materialType": "basic",
                        "shaderAssetId": null
                      },
                      "id": "1"
                    }
                  ],
                  "position": {
                    "x": 0,
                    "y": 0,
                    "z": 0
                  },
                  "orientation": {
                    "x": 0.7071067811865475,
                    "y": 0,
                    "z": 0,
                    "w": 0.7071067811865476
                  },
                  "scale": {
                    "x": 1,
                    "y": 1,
                    "z": 1
                  },
                  "visible": true,
                  "layer": 0,
                  "prefab": null
                }
              ],
              "components": [
                {
                  "type": "CannonBody",
                  "config": {
                    "formatVersion": 2,
                    "mass": 0,
                    "fixedRotation": false,
                    "group": 1,
                    "mask": 1,
                    "shape": "box",
                    "positionOffset": {
                      "x": 0,
                      "y": 0,
                      "z": 0
                    },
                    "orientationOffset": {
                      "x": 0,
                      "y": 0,
                      "z": 0
                    },
                    "halfSize": {
                      "x": 30,
                      "y": 1,
                      "z": 24
                    },
                    "radius": 1,
                    "height": 1,
                    "segments": 16
                  },
                  "id": "0"
                }
              ],
              "position": {
                "x": 0,
                "y": -3.1948764324188232,
                "z": -8.199999809265137
              },
              "orientation": {
                "x": 0,
                "y": 0,
                "z": 0,
                "w": 1
              },
              "scale": {
                "x": 30,
                "y": 1,
                "z": 24
              },
              "visible": true,
              "layer": 0,
              "prefab": null
            },
            {
              "id": "25",
              "name": "Skybox",
              "children": [],
              "components": [
                {
                  "type": "ModelRenderer",
                  "config": {
                    "formatVersion": 1,
                    "modelAssetId": "20",
                    "animationId": null,
                    "castShadow": true,
                    "receiveShadow": false,
                    "color": "ffffff",
                    "overrideOpacity": false,
                    "opacity": null,
                    "materialType": "basic",
                    "shaderAssetId": null
                  },
                  "id": "0"
                }
              ],
              "position": {
                "x": -1.2939473390579224,
                "y": 0.9594112038612366,
                "z": -5.687067985534668
              },
              "orientation": {
                "x": 0,
                "y": 0,
                "z": 0,
                "w": 1
              },
              "scale": {
                "x": 50,
                "y": 50,
                "z": 50
              },
              "visible": true,
              "layer": 0,
              "prefab": null
            },
            {
              "id": "29",
              "name": "Back",
              "children": [],
              "components": [
                {
                  "type": "CannonBody",
                  "config": {
                    "formatVersion": 2,
                    "mass": 0,
                    "fixedRotation": false,
                    "group": 1,
                    "mask": 1,
                    "shape": "box",
                    "positionOffset": {
                      "x": 0,
                      "y": 0,
                      "z": 0
                    },
                    "orientationOffset": {
                      "x": 0,
                      "y": 0,
                      "z": 0
                    },
                    "halfSize": {
                      "x": 32,
                      "y": 30,
                      "z": 0.1
                    },
                    "radius": 1,
                    "height": 1,
                    "segments": 16
                  },
                  "id": "0"
                }
              ],
              "position": {
                "x": 0,
                "y": -2.0490000247955322,
                "z": -32.3084921836853
              },
              "orientation": {
                "x": 0,
                "y": 0,
                "z": 0,
                "w": 1
              },
              "scale": {
                "x": 24,
                "y": 24,
                "z": 0.1
              },
              "visible": true,
              "layer": 0,
              "prefab": null
            },
            {
              "id": "30",
              "name": "Front",
              "children": [],
              "components": [
                {
                  "type": "CannonBody",
                  "config": {
                    "formatVersion": 2,
                    "mass": 0,
                    "fixedRotation": false,
                    "group": 1,
                    "mask": 1,
                    "shape": "box",
                    "positionOffset": {
                      "x": 0,
                      "y": 0,
                      "z": 0
                    },
                    "orientationOffset": {
                      "x": 0,
                      "y": 0,
                      "z": 0
                    },
                    "halfSize": {
                      "x": 32,
                      "y": 30,
                      "z": 0.1
                    },
                    "radius": 1,
                    "height": 1,
                    "segments": 16
                  },
                  "id": "0"
                }
              ],
              "position": {
                "x": 0,
                "y": -2.0490000247955322,
                "z": 14.213287830352783
              },
              "orientation": {
                "x": 0,
                "y": 0,
                "z": 0,
                "w": 1
              },
              "scale": {
                "x": 16,
                "y": 16,
                "z": 0.1
              },
              "visible": true,
              "layer": 0,
              "prefab": null
            },
            {
              "id": "31",
              "name": "Left",
              "children": [],
              "components": [
                {
                  "type": "CannonBody",
                  "config": {
                    "formatVersion": 2,
                    "mass": 0,
                    "fixedRotation": false,
                    "group": 1,
                    "mask": 1,
                    "shape": "box",
                    "positionOffset": {
                      "x": 0,
                      "y": 0,
                      "z": 0
                    },
                    "orientationOffset": {
                      "x": 0,
                      "y": 0,
                      "z": 0
                    },
                    "halfSize": {
                      "x": 30,
                      "y": 30,
                      "z": 0.1
                    },
                    "radius": 1,
                    "height": 1,
                    "segments": 16
                  },
                  "id": "0"
                }
              ],
              "position": {
                "x": -29.42867684364319,
                "y": -2.0490000247955322,
                "z": -8.847999572753906
              },
              "orientation": {
                "x": 0,
                "y": 0.7071067811865475,
                "z": 0,
                "w": 0.7071067811865476
              },
              "scale": {
                "x": 16,
                "y": 16,
                "z": 0.1
              },
              "visible": true,
              "layer": 0,
              "prefab": null
            },
            {
              "id": "32",
              "name": "Right",
              "children": [],
              "components": [
                {
                  "type": "CannonBody",
                  "config": {
                    "formatVersion": 2,
                    "mass": 0,
                    "fixedRotation": false,
                    "group": 1,
                    "mask": 1,
                    "shape": "box",
                    "positionOffset": {
                      "x": 0,
                      "y": 0,
                      "z": 0
                    },
                    "orientationOffset": {
                      "x": 0,
                      "y": 0,
                      "z": 0
                    },
                    "halfSize": {
                      "x": 30,
                      "y": 30,
                      "z": 0.1
                    },
                    "radius": 1,
                    "height": 1,
                    "segments": 16
                  },
                  "id": "0"
                }
              ],
              "position": {
                "x": 29.737346410751343,
                "y": -2.0490000247955322,
                "z": -8.847999572753906
              },
              "orientation": {
                "x": 0,
                "y": 0.7071067811865475,
                "z": 0,
                "w": 0.7071067811865476
              },
              "scale": {
                "x": 16,
                "y": 16,
                "z": 0.1
              },
              "visible": true,
              "layer": 0,
              "prefab": null
            }
          ],
          "components": [],
          "position": {
            "x": 0.4333772659301758,
            "y": -1.2124557495117188,
            "z": -0.45044469833374023
          },
          "orientation": {
            "x": 0,
            "y": 0,
            "z": 0,
            "w": 1
          },
          "scale": {
            "x": 1,
            "y": 1,
            "z": 1
          },
          "visible": true,
          "layer": 0,
          "prefab": null
        },
        {
          "id": "33",
          "name": "Interactables",
          "children": [
            {
              "id": "26",
              "name": "Cube",
              "children": [
                {
                  "id": "27",
                  "name": "Model",
                  "children": [],
                  "components": [
                    {
                      "type": "ModelRenderer",
                      "config": {
                        "formatVersion": 1,
                        "modelAssetId": "5",
                        "animationId": "",
                        "castShadow": true,
                        "receiveShadow": false,
                        "color": "ffffff",
                        "overrideOpacity": false,
                        "opacity": null,
                        "materialType": "shader",
                        "shaderAssetId": "36"
                      },
                      "id": "0"
                    }
                  ],
                  "position": {
                    "x": 0,
                    "y": 0,
                    "z": 0
                  },
                  "orientation": {
                    "x": 0,
                    "y": 0,
                    "z": 0,
                    "w": 1
                  },
                  "scale": {
                    "x": 1,
                    "y": 1,
                    "z": 1
                  },
                  "visible": true,
                  "layer": 0,
                  "prefab": null
                }
              ],
              "components": [
                {
                  "type": "CannonBody",
                  "config": {
                    "formatVersion": 2,
                    "mass": 5,
                    "fixedRotation": false,
                    "group": 1,
                    "mask": 1,
                    "shape": "box",
                    "positionOffset": {
                      "x": 0,
                      "y": 0,
                      "z": 0
                    },
                    "orientationOffset": {
                      "x": 0,
                      "y": 0,
                      "z": 0
                    },
                    "halfSize": {
                      "x": 1,
                      "y": 1,
                      "z": 1
                    },
                    "radius": 1,
                    "height": 1,
                    "segments": 16
                  },
                  "id": "1"
                },
                {
                  "type": "Behavior",
                  "config": {
                    "behaviorName": "TouchableBehavior",
                    "propertyValues": {}
                  },
                  "id": "2"
                }
              ],
              "position": {
                "x": 4.8486552238464355,
                "y": -2.0371482372283936,
                "z": -13.51482105255127
              },
              "orientation": {
                "x": 0,
                "y": 0,
                "z": 0,
                "w": 1
              },
              "scale": {
                "x": 1,
                "y": 1,
                "z": 1
              },
              "visible": true,
              "layer": 0,
              "prefab": null
            },
            {
              "id": "34",
              "name": "Sphere",
              "children": [
                {
                  "id": "35",
                  "name": "Model",
                  "children": [],
                  "components": [
                    {
                      "type": "ModelRenderer",
                      "config": {
                        "formatVersion": 1,
                        "modelAssetId": "26",
                        "animationId": null,
                        "castShadow": true,
                        "receiveShadow": false,
                        "color": "ffffff",
                        "overrideOpacity": false,
                        "opacity": null,
                        "materialType": "shader",
                        "shaderAssetId": "36"
                      },
                      "id": "0"
                    }
                  ],
                  "position": {
                    "x": 0,
                    "y": 0,
                    "z": 0
                  },
                  "orientation": {
                    "x": 0,
                    "y": 0,
                    "z": 0,
                    "w": 1
                  },
                  "scale": {
                    "x": 1,
                    "y": 1,
                    "z": 1
                  },
                  "visible": true,
                  "layer": 0,
                  "prefab": null
                }
              ],
              "components": [
                {
                  "type": "CannonBody",
                  "config": {
                    "formatVersion": 2,
                    "mass": 5,
                    "fixedRotation": false,
                    "group": 1,
                    "mask": 1,
                    "shape": "sphere",
                    "positionOffset": {
                      "x": 0,
                      "y": 0,
                      "z": 0
                    },
                    "orientationOffset": {
                      "x": 0,
                      "y": 0,
                      "z": 0
                    },
                    "halfSize": {
                      "x": 1,
                      "y": 1,
                      "z": 1
                    },
                    "radius": 1,
                    "height": 1,
                    "segments": 16
                  },
                  "id": "1"
                },
                {
                  "type": "Behavior",
                  "config": {
                    "behaviorName": "TouchableBehavior",
                    "propertyValues": {}
                  },
                  "id": "2"
                }
              ],
              "position": {
                "x": -7.462878227233887,
                "y": -2.0371482372283936,
                "z": -13.51482105255127
              },
              "orientation": {
                "x": 0,
                "y": 0,
                "z": 0,
                "w": 1
              },
              "scale": {
                "x": 1,
                "y": 1,
                "z": 1
              },
              "visible": true,
              "layer": 0,
              "prefab": null
            },
            {
              "id": "36",
              "name": "Cone",
              "children": [
                {
                  "id": "37",
                  "name": "Model",
                  "children": [],
                  "components": [
                    {
                      "type": "ModelRenderer",
                      "config": {
                        "formatVersion": 1,
                        "modelAssetId": "28",
                        "animationId": null,
                        "castShadow": true,
                        "receiveShadow": false,
                        "color": "ffffff",
                        "overrideOpacity": false,
                        "opacity": null,
                        "materialType": "shader",
                        "shaderAssetId": "36"
                      },
                      "id": "0"
                    }
                  ],
                  "position": {
                    "x": 0,
                    "y": 0,
                    "z": 0
                  },
                  "orientation": {
                    "x": 0,
                    "y": 0,
                    "z": 0,
                    "w": 1
                  },
                  "scale": {
                    "x": 1,
                    "y": 1,
                    "z": 1
                  },
                  "visible": true,
                  "layer": 0,
                  "prefab": null
                }
              ],
              "components": [
                {
                  "type": "CannonBody",
                  "config": {
                    "formatVersion": 2,
                    "mass": 5,
                    "fixedRotation": false,
                    "group": 1,
                    "mask": 1,
                    "shape": "cylinder",
                    "positionOffset": {
                      "x": 0,
                      "y": 0,
                      "z": 0
                    },
                    "orientationOffset": {
                      "x": 90,
                      "y": 0,
                      "z": 0
                    },
                    "halfSize": {
                      "x": 1,
                      "y": 1,
                      "z": 1
                    },
                    "radius": 1,
                    "height": 2,
                    "segments": 16
                  },
                  "id": "1"
                },
                {
                  "type": "Behavior",
                  "config": {
                    "behaviorName": "TouchableBehavior",
                    "propertyValues": {}
                  },
                  "id": "2"
                }
              ],
              "position": {
                "x": 9.49626874923706,
                "y": -2.0371482372283936,
                "z": -7.601236820220947
              },
              "orientation": {
                "x": 0,
                "y": 0,
                "z": 0,
                "w": 1
              },
              "scale": {
                "x": 1,
                "y": 1,
                "z": 1
              },
              "visible": true,
              "layer": 0,
              "prefab": null
            }
          ],
          "components": [],
          "position": {
            "x": 0.433513879776001,
            "y": -0.02607274055480957,
            "z": 3.5145254135131836
          },
          "orientation": {
            "x": 0,
            "y": 0,
            "z": 0,
            "w": 1
          },
          "scale": {
            "x": 1,
            "y": 1,
            "z": 1
          },
          "visible": true,
          "layer": 0,
          "prefab": null
        }
      ],
      "components": [],
      "position": {
        "x": -0.35341906547546387,
        "y": 0.8925104141235352,
        "z": 5.455883979797363
      },
      "orientation": {
        "x": 0,
        "y": 0,
        "z": 0,
        "w": 1
      },
      "scale": {
        "x": 1,
        "y": 1,
        "z": 1
      },
      "visible": true,
      "layer": 0,
      "prefab": null
    },
    {
      "id": "43",
      "name": "HUD",
      "children": [],
      "components": [],
      "position": {
        "x": 0,
        "y": 71.28097534179688,
        "z": 48.95713806152344
      },
      "orientation": {
        "x": 0,
        "y": 0,
        "z": 0,
        "w": 1
      },
      "scale": {
        "x": 1,
        "y": 1,
        "z": 1
      },
      "visible": true,
      "layer": 0,
      "prefab": {
        "sceneAssetId": "49"
      }
    }
  ]
}