{
  "formatVersion": 1,
  "uniforms": [
    {
      "id": "0",
      "name": "map",
      "type": "t",
      "value": "map"
    },
    {
      "id": "1",
      "name": "shadow1Intensity",
      "type": "f",
      "value": 0.7
    },
    {
      "id": "2",
      "name": "shadow1Value",
      "type": "f",
      "value": 0.5
    },
    {
      "id": "3",
      "name": "shadow2Intensity",
      "type": "f",
      "value": 0.5
    },
    {
      "id": "4",
      "name": "shadow2Value",
      "type": "f",
      "value": 0.3
    },
    {
      "id": "5",
      "name": "m_shadowColor",
      "type": "c",
      "value": [
        0.8,
        0.3,
        0.1
      ]
    },
    {
      "id": "6",
      "name": "color",
      "type": "c",
      "value": [
        1,
        1,
        1
      ]
    },
    {
      "id": "7",
      "name": "m_recievedShadowColor",
      "type": "c",
      "value": [
        0.2,
        0.1,
        1
      ]
    },
    {
      "id": "8",
      "name": "offset",
      "type": "f",
      "value": 0.3
    }
  ],
  "useLightUniforms": true,
  "attributes": []
}